arrow,owner,source,function_or_symbol,status,evidence_output,caveat
AI/local Decision Engine -> canonical DecisionEvent,"AI / Hùng support, Nhân review",HACKATHON/AI/core/decision_engine/schemas.py:104,DecisionEvent,SOURCE_VERIFIED,raw/source_snippets/01_decision_event_schema.log,Schema evidence only; not model factuality evidence.
DecisionEvent -> Backend REST ingestion boundary,SE Backend / Nhân,"HACKATHON/SE/BE/app/modules/ai_alerts/router.py:25,154","DecisionEventPayload, receive_alert()",SOURCE_AND_TEST_VERIFIED,raw/source_snippets/02_backend_alert_boundary.log,Runtime request trace should be attached in E-04/E-14.
Backend alert boundary -> Fleet Dashboard live/saved context,Fleet Dashboard / Nhân,"HACKATHON/SE/FE/src/App.tsx, HACKATHON/SE/FE/server.ts",Dashboard live/saved trip flow,SOURCE_VERIFIED,raw/source_snippets/03_fleet_dashboard_flow.log,Use dashboard runtime video for user-facing proof.
Backend alert/live snapshot -> CarSky mapper,Backend / Nhân,"HACKATHON/SE/BE/app/integrations/carsky/mapper.py:87,158","map_decision_event(), map_live_snapshot()",SOURCE_AND_TEST_VERIFIED,raw/source_snippets/04_carsky_mapper.log,Custom VSS paths are not final claim; Vehicle.Speed speed-mux is final demo path.
CarSky mapper -> CarSky REST Signal API,Backend / Nhân,"HACKATHON/SE/BE/app/integrations/carsky/client.py, service.py","CarSkyClient.actuate(), CarSkyPublisher",SOURCE_AND_TEST_VERIFIED,raw/source_snippets/05_carsky_rest_api.log,Runtime CarSky token/deployment proof belongs in E-04/E-24.
CarSky Signal Broker/KUKSA Vehicle.Speed -> HMI Bridge Script Node,CarSky/HMI / Nhân + Dân support,HACKATHON/SE/BE/carsky/dms_hmi_bridge_speed_passthrough.lua:10,"pins.kuksa:on_change, pins.vhal:push",SOURCE_VERIFIED_RUNTIME_SCREENSHOT_PENDING,raw/source_snippets/06_hmi_bridge.log,Runtime screenshot should show DMS_HMI_SPEED_MUX and Vehicle.Speed in same view.
HMI Bridge -> Android VHAL PERF_VEHICLE_SPEED,CarSky/HMI / Nhân + Dân support,"HACKATHON/SE/BE/carsky/dms_hmi_bridge_speed_passthrough.lua:10,16",PROP_SPEED = 291504647 / 0x11600207,SOURCE_VERIFIED_RUNTIME_SCREENSHOT_PENDING,raw/source_snippets/07_vhal_perf_vehicle_speed.log,"This is verified demo speed-mux path, not custom DMS CarProperty production claim. Runtime screenshot not stored in E-02 evidence folder."
Android VHAL -> Android HMI APK UI,Android HMI / Nhân + Dân support,HACKATHON/SE/HMI/app/src/main/java/vn/fpt/dms/hmi/MainActivity.java:39,"PERF_VEHICLE_SPEED, CarPropertyManager callback/polling",SOURCE_AND_APK_ARTIFACT_VERIFIED,raw/source_snippets/08_android_hmi_carproperty.log,Use CarSky Android screen screenshot for final runtime UI proof.
Backend/FE -> AI Copilot Report -> Word/DOC artifact,Fleet Dashboard / Nhân,"HACKATHON/SE/FE/server.ts:932, HACKATHON/SE/FE/src/components/CopilotFleetReportPage.tsx:1115","/api/copilot/report, handleExportWord()",SOURCE_VERIFIED,raw/source_snippets/09_copilot_report_export.log,"Bedrock is explanation layer, not canonical metric source."
