arrow,source_or_runtime_evidence,status,caveat
AI/local pipeline -> DecisionEvent,AI/core/decision_engine/schemas.py,SOURCE_VERIFIED,
DecisionEvent -> Backend API,SE/BE/app/modules/ai_alerts/router.py,SOURCE_VERIFIED,
Backend API -> Fleet Dashboard,SE/FE/src/App.tsx,SOURCE_VERIFIED,Runtime video recommended
Backend API -> CarSky mapper,SE/BE/app/integrations/carsky/mapper.py,SOURCE_VERIFIED,
CarSky mapper -> Vehicle.Speed speed-mux,SE/BE/tests/test_carsky.py,SOURCE_VERIFIED,
Vehicle.Speed -> DMS HMI Bridge,SE/BE/carsky/dms_hmi_bridge_speed_passthrough.lua,SOURCE_VERIFIED,Runtime bridge log recommended
DMS HMI Bridge -> PERF_VEHICLE_SPEED,CarSky bridge runtime log,SOURCE_VERIFIED,Use screenshot
PERF_VEHICLE_SPEED -> Android HMI,SE/HMI/app/src/main/java/vn/fpt/dms/hmi/MainActivity.java,SOURCE_VERIFIED,Runtime Android UI screenshot recommended

